-- --------------------------------------------------------
-- Host:                         127.0.0.1
-- Server version:               8.4.3 - MySQL Community Server - GPL
-- Server OS:                    Win64
-- HeidiSQL Version:             12.6.0.6765
-- --------------------------------------------------------

/*!40101 SET @OLD_CHARACTER_SET_CLIENT=@@CHARACTER_SET_CLIENT */;
/*!40101 SET NAMES utf8 */;
/*!50503 SET NAMES utf8mb4 */;
/*!40103 SET @OLD_TIME_ZONE=@@TIME_ZONE */;
/*!40103 SET TIME_ZONE='+00:00' */;
/*!40014 SET @OLD_FOREIGN_KEY_CHECKS=@@FOREIGN_KEY_CHECKS, FOREIGN_KEY_CHECKS=0 */;
/*!40101 SET @OLD_SQL_MODE=@@SQL_MODE, SQL_MODE='NO_AUTO_VALUE_ON_ZERO' */;
/*!40111 SET @OLD_SQL_NOTES=@@SQL_NOTES, SQL_NOTES=0 */;


-- Dumping database structure for laptopshop
CREATE DATABASE IF NOT EXISTS `laptopshop` /*!40100 DEFAULT CHARACTER SET utf8mb4 COLLATE utf8mb4_general_ci */ /*!80016 DEFAULT ENCRYPTION='N' */;
USE `laptopshop`;

-- Dumping structure for table laptopshop.cart
CREATE TABLE IF NOT EXISTS `cart` (
  `id` bigint NOT NULL AUTO_INCREMENT,
  `sum` int NOT NULL,
  `user_id` bigint DEFAULT NULL,
  PRIMARY KEY (`id`),
  UNIQUE KEY `UK_9emlp6m95v5er2bcqkjsw48he` (`user_id`),
  CONSTRAINT `FKg5uhi8vpsuy0lgloxk2h4w5o6` FOREIGN KEY (`user_id`) REFERENCES `users` (`id`)
) ENGINE=InnoDB AUTO_INCREMENT=34 DEFAULT CHARSET=utf8mb4 COLLATE=utf8mb4_general_ci;

-- Dumping data for table laptopshop.cart: ~3 rows (approximately)
INSERT INTO `cart` (`id`, `sum`, `user_id`) VALUES
	(4, 1, 11),
	(32, 1, 10),
	(33, 1, 9);

-- Dumping structure for table laptopshop.cart_detail
CREATE TABLE IF NOT EXISTS `cart_detail` (
  `id` bigint NOT NULL AUTO_INCREMENT,
  `price` double NOT NULL,
  `quantity` bigint NOT NULL,
  `cart_id` bigint DEFAULT NULL,
  `product_id` bigint DEFAULT NULL,
  PRIMARY KEY (`id`),
  KEY `FKrg4yopd2252nwj8bfcgq5f4jp` (`cart_id`),
  KEY `FKclb1c0wg3mofxnpgidib1t987` (`product_id`),
  CONSTRAINT `FKclb1c0wg3mofxnpgidib1t987` FOREIGN KEY (`product_id`) REFERENCES `products` (`id`),
  CONSTRAINT `FKrg4yopd2252nwj8bfcgq5f4jp` FOREIGN KEY (`cart_id`) REFERENCES `cart` (`id`)
) ENGINE=InnoDB AUTO_INCREMENT=63 DEFAULT CHARSET=utf8mb4 COLLATE=utf8mb4_general_ci;

-- Dumping data for table laptopshop.cart_detail: ~3 rows (approximately)
INSERT INTO `cart_detail` (`id`, `price`, `quantity`, `cart_id`, `product_id`) VALUES
	(9, 31490000, 1, 4, 6),
	(59, 17490000, 1, 32, 1),
	(60, 19500000, 1, 33, 3);

-- Dumping structure for table laptopshop.orders
CREATE TABLE IF NOT EXISTS `orders` (
  `id` bigint NOT NULL AUTO_INCREMENT,
  `total_price` double NOT NULL,
  `user_id` bigint DEFAULT NULL,
  `receiver_name` varchar(255) COLLATE utf8mb4_general_ci DEFAULT NULL,
  `receiver_address` varchar(255) COLLATE utf8mb4_general_ci DEFAULT NULL,
  `receiver_phone` varchar(255) COLLATE utf8mb4_general_ci DEFAULT NULL,
  `status` varchar(255) COLLATE utf8mb4_general_ci DEFAULT NULL,
  PRIMARY KEY (`id`),
  KEY `FK32ql8ubntj5uh44ph9659tiih` (`user_id`),
  CONSTRAINT `FK32ql8ubntj5uh44ph9659tiih` FOREIGN KEY (`user_id`) REFERENCES `users` (`id`)
) ENGINE=InnoDB AUTO_INCREMENT=16 DEFAULT CHARSET=utf8mb4 COLLATE=utf8mb4_general_ci;

-- Dumping data for table laptopshop.orders: ~9 rows (approximately)
INSERT INTO `orders` (`id`, `total_price`, `user_id`, `receiver_name`, `receiver_address`, `receiver_phone`, `status`) VALUES
	(6, 19500000, 9, 'Dang The Hao', 'Minh Khai, Ha Noi', '1', 'COMPLETE'),
	(7, 34990000, 9, 'Dang The Hao', 'Minh Khai, Ha Noi', '12345', 'PENDING'),
	(8, 61960000, 9, 'Dang The Hao', 'Minh Khai, Ha Noi', '12345', 'PENDING'),
	(9, 87450000, 12, 'Le Vu Yen', 'Minh Khai, Ha Noi', '123456', 'COMPLETE'),
	(10, 104240000, 9, 'Dang The Hao', 'Minh Khai, Ha Noi', '12345', 'PENDING'),
	(11, 17490000, 10, 'Vu Minh Anh', 'Ha Noi', '0123456789', 'PENDING'),
	(12, 46470000, 10, 'Vu Minh Anh', 'Ha Noi', '0123456789', 'PENDING'),
	(13, 52470000, 10, 'Vu Minh Anh', 'Ha Noi', '0123456789', 'PENDING'),
	(14, 17490000, 10, 'Vu Minh Anh', 'Ha Noi', '0123456789', 'PENDING'),
	(15, 195000000, 10, 'Vu Minh Anh', 'Ha Noi', '0123456789', 'PENDING');

-- Dumping structure for table laptopshop.order_details
CREATE TABLE IF NOT EXISTS `order_details` (
  `id` bigint NOT NULL AUTO_INCREMENT,
  `price` double NOT NULL,
  `quantity` bigint NOT NULL,
  `order_id` bigint DEFAULT NULL,
  `product_id` bigint DEFAULT NULL,
  PRIMARY KEY (`id`),
  KEY `FKjyu2qbqt8gnvno9oe9j2s2ldk` (`order_id`),
  KEY `FK4q98utpd73imf4yhttm3w0eax` (`product_id`),
  CONSTRAINT `FK4q98utpd73imf4yhttm3w0eax` FOREIGN KEY (`product_id`) REFERENCES `products` (`id`),
  CONSTRAINT `FKjyu2qbqt8gnvno9oe9j2s2ldk` FOREIGN KEY (`order_id`) REFERENCES `orders` (`id`)
) ENGINE=InnoDB AUTO_INCREMENT=23 DEFAULT CHARSET=utf8mb4 COLLATE=utf8mb4_general_ci;

-- Dumping data for table laptopshop.order_details: ~13 rows (approximately)
INSERT INTO `order_details` (`id`, `price`, `quantity`, `order_id`, `product_id`) VALUES
	(10, 19500000, 1, 6, 3),
	(11, 19500000, 1, 7, 3),
	(12, 15490000, 1, 7, 2),
	(13, 15490000, 4, 8, 2),
	(14, 17490000, 5, 9, 1),
	(15, 15490000, 1, 10, 2),
	(16, 17690000, 4, 10, 5),
	(17, 17990000, 1, 10, 12),
	(18, 17490000, 1, 11, 1),
	(19, 15490000, 3, 12, 2),
	(20, 17490000, 3, 13, 1),
	(21, 17490000, 1, 14, 1),
	(22, 19500000, 10, 15, 3);

-- Dumping structure for table laptopshop.products
CREATE TABLE IF NOT EXISTS `products` (
  `id` bigint NOT NULL AUTO_INCREMENT,
  `detail_desc` mediumtext COLLATE utf8mb4_unicode_ci NOT NULL,
  `factory` varchar(255) COLLATE utf8mb4_unicode_ci DEFAULT NULL,
  `image` varchar(255) COLLATE utf8mb4_unicode_ci DEFAULT NULL,
  `name` varchar(255) COLLATE utf8mb4_unicode_ci NOT NULL,
  `price` double NOT NULL,
  `quantity` bigint NOT NULL,
  `short_desc` varchar(255) COLLATE utf8mb4_unicode_ci NOT NULL,
  `sold` bigint NOT NULL,
  `target` varchar(255) COLLATE utf8mb4_unicode_ci DEFAULT NULL,
  PRIMARY KEY (`id`),
  CONSTRAINT `products_chk_1` CHECK ((`quantity` >= 1))
) ENGINE=InnoDB AUTO_INCREMENT=14 DEFAULT CHARSET=utf8mb4 COLLATE=utf8mb4_unicode_ci;

-- Dumping data for table laptopshop.products: ~12 rows (approximately)
INSERT INTO `products` (`id`, `detail_desc`, `factory`, `image`, `name`, `price`, `quantity`, `short_desc`, `sold`, `target`) VALUES
	(1, 'The ASUS TUF Gaming F15 FX506HF HN017W is an affordable yet incredibly powerful gaming laptop. Not only does it feature an 11th generation Intel processor and RTX 20 series graphics card, but its strength also comes from the pre-installed 16GB RAM, providing you with excellent performance without the need for upgrades.', 'ASUS', '1729386264688-fruite-item-2.png', 'Laptop Asus TUF Gaming', 17490000, 95, ' Intel, Core i5, 11400H', 1, 'GAMING'),
	(2, 'Discover the ultimate power of the Dell Inspiron 15 N3520, a laptop with a highly powerful configuration featuring the new generation Intel Core i5 1235U processor and up to 16GB of RAM. You can comfortably handle multiple tasks and boost your productivity at work without any obstacles.', 'DELL', '1711078452562-dell-01.png', 'Laptop Dell Inspiron 15 ', 15490000, 197, 'i5 1235U/16GB/512GB/15.6"FHD', 3, 'SINHVIEN-VANPHONG'),
	(3, 'Recently, Lenovo launched a new generation gaming product with powerful performance and a minimalist, elegant design suitable for gamers who prefer simplicity. The cooling system features dual fans that keep the laptop cool during gaming sessions.', 'LENOVO', '1711079073759-lenovo-01.png', 'Lenovo IdeaPad Gaming 3', 19500000, 140, ' i5-10300H, RAM 8G', 10, 'GAMING'),
	(4, 'Enjoy a stylish cool feel with a metal design. Designed to meet your everyday computing needs, the ASUS K Series laptops feature a minimalist, lightweight, and ultra-thin design with a stylish metal-textured finish. The laptop delivers powerful performance thanks to the Intel® Core™ i7 processor and the latest graphics. Additionally, ASUS\'s exclusive innovative technologies elevate the device to a new level, providing you with an intuitive user experience and superior ergonomics.', 'ASUS', '1711079496409-asus-02.png', 'Asus K501UX', 11900000, 99, 'VGA NVIDIA GTX 950M- 4G', 0, 'THIET-KE-DO-HOA'),
	(5, 'The most groundbreaking MacBook Air ever has arrived. The all-new Apple M1 processor takes the power of the MacBook Air M1 13-inch 2020 far beyond user expectations, capable of handling heavy tasks and offering incredible battery life.', 'APPLE', '1711079954090-apple-01.png', 'MacBook Air 13', 17690000, 99, 'Apple M1 GPU 7 nhân', 0, 'DOANH-NHAN'),
	(6, '14-inch screen size suitable for students and office workers, 2880 x 1800 Pixels, OLED, 90 Hz, OLEDED, 90 Hz, OLED', 'LG', '1711080386941-lg-01.png', 'Laptop LG Gram Style', 31490000, 99, 'Intel Iris Plus Graphics', 0, 'DOANH-NHAN'),
	(7, 'Not only does it inspire with its innovative design, but the MacBook Air M2 2022 also packs immense power with the super-strong M2 chip, up to 18 hours of battery life, a stunning Liquid Retina display, and an advanced camera and audio system.', 'APPLE', '1711080787179-apple-02.png', 'MacBook Air 13 ', 24990000, 99, ' Apple M2 GPU 8 nhân', 0, 'MONG-NHE'),
	(8, 'As the latest generation gaming laptop in the Nitro 5 series, which has always been well-loved by gamers, the Acer Nitro Gaming AN515-58-769J is now even more impressive with the powerful Intel Core i7 12700H processor and RTX 3050 graphics card, ready to help you conquer new heights.', 'ACER', '1711080948771-acer-01.png', 'Laptop Acer Nitro ', 23490000, 99, 'AN515-58-769J i7 12700H', 0, 'GAMING'),
	(9, '15.6 inch, FHD (1920 x 1080), IPS, 144 Hz, 250 nits, Acer ComfyView LED-backlit', 'ACER', '1711081080930-asus-03.png', 'Laptop Acer Nitro V', 26999000, 99, ' NVIDIA GeForce RTX 4050', 0, 'GAMING'),
	(10, 'The Dell Inspiron N3520 is the ideal laptop for everyday tasks. Its high-performance 12th generation Intel Core i5 processor, large 15.6-inch Full HD 120Hz smooth display, and durable design will help you get your work done quickly anytime, anywhere.', 'DELL', '1711081278418-dell-02.png', 'Laptop Dell Latitude 3420', 21399000, 99, ' Intel Iris Xe Graphics', 0, 'MONG-NHE'),
	(12, 'With the Windows 11 operating system and 8GB of internal memory, the HP Envy X360 provides users with ample storage space. The display colors are vivid, and the sound quality is excellent, making for relaxing and enjoyable music listening moments.', 'HP', '1729667988308-product.jpg', 'Laptop HP Envy X360', 17990000, 99, 'Intel Core i5-1155G7', 0, 'SINHVIEN-VANPHONG'),
	(13, 'The Asus Vivobook 14 OLED A1405ZA-KM263W features a configuration with an Intel® Core™ i7-12700H processor, 24MB cache, and a peak clock speed of 4.7GHz. Additionally, this Asus Vivobook laptop is equipped with 16GB of DDR4 RAM and a 512GB NVMe™ PCIe® 3.0 SSD. The laptop also boasts superior display capabilities with a 14-inch 2.8K OLED screen and 100% DCI-P3 color gamut coverage.', 'ASUS', '1733706904731-asus_vivobook_14_oled_a1405za-km263w.jpg', 'Asus Vivobook 14', 17990000, 50, 'i7 12700H/512 GB SSD/OLED 2.8K', 0, 'SINHVIEN-VANPHONG');

-- Dumping structure for table laptopshop.roles
CREATE TABLE IF NOT EXISTS `roles` (
  `id` bigint NOT NULL AUTO_INCREMENT,
  `description` varchar(255) COLLATE utf8mb4_general_ci DEFAULT NULL,
  `name` varchar(255) COLLATE utf8mb4_general_ci DEFAULT NULL,
  PRIMARY KEY (`id`)
) ENGINE=InnoDB AUTO_INCREMENT=3 DEFAULT CHARSET=utf8mb4 COLLATE=utf8mb4_general_ci;

-- Dumping data for table laptopshop.roles: ~2 rows (approximately)
INSERT INTO `roles` (`id`, `description`, `name`) VALUES
	(1, 'Admin full permison', 'ADMIN'),
	(2, 'User normal', 'USER');

-- Dumping structure for table laptopshop.spring_session
CREATE TABLE IF NOT EXISTS `spring_session` (
  `PRIMARY_ID` char(36) COLLATE utf8mb4_general_ci NOT NULL,
  `SESSION_ID` char(36) COLLATE utf8mb4_general_ci NOT NULL,
  `CREATION_TIME` bigint NOT NULL,
  `LAST_ACCESS_TIME` bigint NOT NULL,
  `MAX_INACTIVE_INTERVAL` int NOT NULL,
  `EXPIRY_TIME` bigint NOT NULL,
  `PRINCIPAL_NAME` varchar(100) COLLATE utf8mb4_general_ci DEFAULT NULL,
  PRIMARY KEY (`PRIMARY_ID`),
  UNIQUE KEY `SPRING_SESSION_IX1` (`SESSION_ID`),
  KEY `SPRING_SESSION_IX2` (`EXPIRY_TIME`),
  KEY `SPRING_SESSION_IX3` (`PRINCIPAL_NAME`)
) ENGINE=InnoDB DEFAULT CHARSET=utf8mb4 COLLATE=utf8mb4_general_ci ROW_FORMAT=DYNAMIC;

-- Dumping data for table laptopshop.spring_session: ~3 rows (approximately)
INSERT INTO `spring_session` (`PRIMARY_ID`, `SESSION_ID`, `CREATION_TIME`, `LAST_ACCESS_TIME`, `MAX_INACTIVE_INTERVAL`, `EXPIRY_TIME`, `PRINCIPAL_NAME`) VALUES
	('37f33001-da48-414d-b975-84d836ed5b1d', 'da1b92c2-32bf-4f6b-a3d3-1dfcfdae7daf', 1733329072002, 1733329462130, 2592000, 1735921462130, 'dangthehao28@gmail.com'),
	('8f21ac96-bfbb-4f9e-a8f8-75e85921730e', '506e6135-beda-4407-820b-7b52d38c01e3', 1734448987299, 1734483907270, 2592000, 1737075907270, 'dangthehao28@gmail.com'),
	('baf66696-a28e-4a57-a3cf-9f5b5fd7b2ec', 'c486b3f4-3a46-4ba5-b608-035770393cd4', 1734076433131, 1734076721897, 2592000, 1736668721897, 'dangthehao28@gmail.com');

-- Dumping structure for table laptopshop.spring_session_attributes
CREATE TABLE IF NOT EXISTS `spring_session_attributes` (
  `SESSION_PRIMARY_ID` char(36) COLLATE utf8mb4_general_ci NOT NULL,
  `ATTRIBUTE_NAME` varchar(200) COLLATE utf8mb4_general_ci NOT NULL,
  `ATTRIBUTE_BYTES` blob NOT NULL,
  PRIMARY KEY (`SESSION_PRIMARY_ID`,`ATTRIBUTE_NAME`),
  CONSTRAINT `SPRING_SESSION_ATTRIBUTES_FK` FOREIGN KEY (`SESSION_PRIMARY_ID`) REFERENCES `spring_session` (`PRIMARY_ID`) ON DELETE CASCADE
) ENGINE=InnoDB DEFAULT CHARSET=utf8mb4 COLLATE=utf8mb4_general_ci ROW_FORMAT=DYNAMIC;

-- Dumping data for table laptopshop.spring_session_attributes: ~24 rows (approximately)
INSERT INTO `spring_session_attributes` (`SESSION_PRIMARY_ID`, `ATTRIBUTE_NAME`, `ATTRIBUTE_BYTES`) VALUES
	('37f33001-da48-414d-b975-84d836ed5b1d', 'avatarFile', _binary 0xaced0005740018313732393339303237323332342d616e686e656e2e6a7067),
	('37f33001-da48-414d-b975-84d836ed5b1d', 'email', _binary 0xaced000574001664616e6774686568616f323840676d61696c2e636f6d),
	('37f33001-da48-414d-b975-84d836ed5b1d', 'fullName', _binary 0xaced000574000c44616e67205468652048616f),
	('37f33001-da48-414d-b975-84d836ed5b1d', 'id', _binary 0xaced00057372000e6a6176612e6c616e672e4c6f6e673b8be490cc8f23df0200014a000576616c7565787200106a6176612e6c616e672e4e756d62657286ac951d0b94e08b02000078700000000000000009),
	('37f33001-da48-414d-b975-84d836ed5b1d', 'jakarta.servlet.jsp.jstl.fmt.request.charset', _binary 0xaced00057400055554462d38),
	('37f33001-da48-414d-b975-84d836ed5b1d', 'org.springframework.security.web.csrf.HttpSessionCsrfTokenRepository.CSRF_TOKEN', _binary 0xaced0005737200366f72672e737072696e676672616d65776f726b2e73656375726974792e7765622e637372662e44656661756c7443737266546f6b656e5aefb7c82fa2fbd50200034c000a6865616465724e616d657400124c6a6176612f6c616e672f537472696e673b4c000d706172616d657465724e616d6571007e00014c0005746f6b656e71007e0001787074000c582d435352462d544f4b454e7400055f6373726674002436613738343761662d646161342d346238362d623665332d633564623433636231343866),
	('37f33001-da48-414d-b975-84d836ed5b1d', 'SPRING_SECURITY_CONTEXT', _binary 0xaced00057372003d6f72672e737072696e676672616d65776f726b2e73656375726974792e636f72652e636f6e746578742e5365637572697479436f6e74657874496d706c000000000000026c0200014c000e61757468656e7469636174696f6e7400324c6f72672f737072696e676672616d65776f726b2f73656375726974792f636f72652f41757468656e7469636174696f6e3b78707372004f6f72672e737072696e676672616d65776f726b2e73656375726974792e61757468656e7469636174696f6e2e557365726e616d6550617373776f726441757468656e7469636174696f6e546f6b656e000000000000026c0200024c000b63726564656e7469616c737400124c6a6176612f6c616e672f4f626a6563743b4c00097072696e636970616c71007e0004787200476f72672e737072696e676672616d65776f726b2e73656375726974792e61757468656e7469636174696f6e2e416273747261637441757468656e7469636174696f6e546f6b656ed3aa287e6e47640e0200035a000d61757468656e746963617465644c000b617574686f7269746965737400164c6a6176612f7574696c2f436f6c6c656374696f6e3b4c000764657461696c7371007e0004787001737200266a6176612e7574696c2e436f6c6c656374696f6e7324556e6d6f6469666961626c654c697374fc0f2531b5ec8e100200014c00046c6973747400104c6a6176612f7574696c2f4c6973743b7872002c6a6176612e7574696c2e436f6c6c656374696f6e7324556e6d6f6469666961626c65436f6c6c656374696f6e19420080cb5ef71e0200014c00016371007e00067870737200136a6176612e7574696c2e41727261794c6973747881d21d99c7619d03000149000473697a65787000000001770400000001737200426f72672e737072696e676672616d65776f726b2e73656375726974792e636f72652e617574686f726974792e53696d706c654772616e746564417574686f72697479000000000000026c0200014c0004726f6c657400124c6a6176612f6c616e672f537472696e673b787074000a524f4c455f41444d494e7871007e000d737200486f72672e737072696e676672616d65776f726b2e73656375726974792e7765622e61757468656e7469636174696f6e2e57656241757468656e7469636174696f6e44657461696c73000000000000026c0200024c000d72656d6f74654164647265737371007e000f4c000973657373696f6e496471007e000f787074000f303a303a303a303a303a303a303a3174002434623534313336662d616665662d343735622d396635652d66663135393966363531663470737200326f72672e737072696e676672616d65776f726b2e73656375726974792e636f72652e7573657264657461696c732e55736572000000000000026c0200075a00116163636f756e744e6f6e457870697265645a00106163636f756e744e6f6e4c6f636b65645a001563726564656e7469616c734e6f6e457870697265645a0007656e61626c65644c000b617574686f72697469657374000f4c6a6176612f7574696c2f5365743b4c000870617373776f726471007e000f4c0008757365726e616d6571007e000f787001010101737200256a6176612e7574696c2e436f6c6c656374696f6e7324556e6d6f6469666961626c65536574801d92d18f9b80550200007871007e000a737200116a6176612e7574696c2e54726565536574dd98509395ed875b0300007870737200466f72672e737072696e676672616d65776f726b2e73656375726974792e636f72652e7573657264657461696c732e5573657224417574686f72697479436f6d70617261746f72000000000000026c020000787077040000000171007e0010787074001664616e6774686568616f323840676d61696c2e636f6d),
	('37f33001-da48-414d-b975-84d836ed5b1d', 'sumInCart', _binary 0xaced0005737200116a6176612e6c616e672e496e746567657212e2a0a4f781873802000149000576616c7565787200106a6176612e6c616e672e4e756d62657286ac951d0b94e08b020000787000000002),
	('8f21ac96-bfbb-4f9e-a8f8-75e85921730e', 'avatarFile', _binary 0xaced0005740018313732393339303237323332342d616e686e656e2e6a7067),
	('8f21ac96-bfbb-4f9e-a8f8-75e85921730e', 'email', _binary 0xaced000574001664616e6774686568616f323840676d61696c2e636f6d),
	('8f21ac96-bfbb-4f9e-a8f8-75e85921730e', 'fullName', _binary 0xaced000574000c44616e67205468652048616f),
	('8f21ac96-bfbb-4f9e-a8f8-75e85921730e', 'id', _binary 0xaced00057372000e6a6176612e6c616e672e4c6f6e673b8be490cc8f23df0200014a000576616c7565787200106a6176612e6c616e672e4e756d62657286ac951d0b94e08b02000078700000000000000009),
	('8f21ac96-bfbb-4f9e-a8f8-75e85921730e', 'jakarta.servlet.jsp.jstl.fmt.request.charset', _binary 0xaced00057400055554462d38),
	('8f21ac96-bfbb-4f9e-a8f8-75e85921730e', 'org.springframework.security.web.csrf.HttpSessionCsrfTokenRepository.CSRF_TOKEN', _binary 0xaced0005737200366f72672e737072696e676672616d65776f726b2e73656375726974792e7765622e637372662e44656661756c7443737266546f6b656e5aefb7c82fa2fbd50200034c000a6865616465724e616d657400124c6a6176612f6c616e672f537472696e673b4c000d706172616d657465724e616d6571007e00014c0005746f6b656e71007e0001787074000c582d435352462d544f4b454e7400055f6373726674002464663736363136382d623838652d343736392d613338662d646564373638653139316539),
	('8f21ac96-bfbb-4f9e-a8f8-75e85921730e', 'SPRING_SECURITY_CONTEXT', _binary 0xaced00057372003d6f72672e737072696e676672616d65776f726b2e73656375726974792e636f72652e636f6e746578742e5365637572697479436f6e74657874496d706c000000000000026c0200014c000e61757468656e7469636174696f6e7400324c6f72672f737072696e676672616d65776f726b2f73656375726974792f636f72652f41757468656e7469636174696f6e3b78707372004f6f72672e737072696e676672616d65776f726b2e73656375726974792e61757468656e7469636174696f6e2e557365726e616d6550617373776f726441757468656e7469636174696f6e546f6b656e000000000000026c0200024c000b63726564656e7469616c737400124c6a6176612f6c616e672f4f626a6563743b4c00097072696e636970616c71007e0004787200476f72672e737072696e676672616d65776f726b2e73656375726974792e61757468656e7469636174696f6e2e416273747261637441757468656e7469636174696f6e546f6b656ed3aa287e6e47640e0200035a000d61757468656e746963617465644c000b617574686f7269746965737400164c6a6176612f7574696c2f436f6c6c656374696f6e3b4c000764657461696c7371007e0004787001737200266a6176612e7574696c2e436f6c6c656374696f6e7324556e6d6f6469666961626c654c697374fc0f2531b5ec8e100200014c00046c6973747400104c6a6176612f7574696c2f4c6973743b7872002c6a6176612e7574696c2e436f6c6c656374696f6e7324556e6d6f6469666961626c65436f6c6c656374696f6e19420080cb5ef71e0200014c00016371007e00067870737200136a6176612e7574696c2e41727261794c6973747881d21d99c7619d03000149000473697a65787000000001770400000001737200426f72672e737072696e676672616d65776f726b2e73656375726974792e636f72652e617574686f726974792e53696d706c654772616e746564417574686f72697479000000000000026c0200014c0004726f6c657400124c6a6176612f6c616e672f537472696e673b787074000a524f4c455f41444d494e7871007e000d737200486f72672e737072696e676672616d65776f726b2e73656375726974792e7765622e61757468656e7469636174696f6e2e57656241757468656e7469636174696f6e44657461696c73000000000000026c0200024c000d72656d6f74654164647265737371007e000f4c000973657373696f6e496471007e000f787074000f303a303a303a303a303a303a303a3174002436393065653836392d336265312d343038362d616135322d38636437303633303636383970737200326f72672e737072696e676672616d65776f726b2e73656375726974792e636f72652e7573657264657461696c732e55736572000000000000026c0200075a00116163636f756e744e6f6e457870697265645a00106163636f756e744e6f6e4c6f636b65645a001563726564656e7469616c734e6f6e457870697265645a0007656e61626c65644c000b617574686f72697469657374000f4c6a6176612f7574696c2f5365743b4c000870617373776f726471007e000f4c0008757365726e616d6571007e000f787001010101737200256a6176612e7574696c2e436f6c6c656374696f6e7324556e6d6f6469666961626c65536574801d92d18f9b80550200007871007e000a737200116a6176612e7574696c2e54726565536574dd98509395ed875b0300007870737200466f72672e737072696e676672616d65776f726b2e73656375726974792e636f72652e7573657264657461696c732e5573657224417574686f72697479436f6d70617261746f72000000000000026c020000787077040000000171007e0010787074001664616e6774686568616f323840676d61696c2e636f6d),
	('8f21ac96-bfbb-4f9e-a8f8-75e85921730e', 'sumInCart', _binary 0xaced0005737200116a6176612e6c616e672e496e746567657212e2a0a4f781873802000149000576616c7565787200106a6176612e6c616e672e4e756d62657286ac951d0b94e08b020000787000000001),
	('baf66696-a28e-4a57-a3cf-9f5b5fd7b2ec', 'avatarFile', _binary 0xaced0005740018313732393339303237323332342d616e686e656e2e6a7067),
	('baf66696-a28e-4a57-a3cf-9f5b5fd7b2ec', 'email', _binary 0xaced000574001664616e6774686568616f323840676d61696c2e636f6d),
	('baf66696-a28e-4a57-a3cf-9f5b5fd7b2ec', 'fullName', _binary 0xaced000574000c44616e67205468652048616f),
	('baf66696-a28e-4a57-a3cf-9f5b5fd7b2ec', 'id', _binary 0xaced00057372000e6a6176612e6c616e672e4c6f6e673b8be490cc8f23df0200014a000576616c7565787200106a6176612e6c616e672e4e756d62657286ac951d0b94e08b02000078700000000000000009),
	('baf66696-a28e-4a57-a3cf-9f5b5fd7b2ec', 'jakarta.servlet.jsp.jstl.fmt.request.charset', _binary 0xaced00057400055554462d38),
	('baf66696-a28e-4a57-a3cf-9f5b5fd7b2ec', 'org.springframework.security.web.csrf.HttpSessionCsrfTokenRepository.CSRF_TOKEN', _binary 0xaced0005737200366f72672e737072696e676672616d65776f726b2e73656375726974792e7765622e637372662e44656661756c7443737266546f6b656e5aefb7c82fa2fbd50200034c000a6865616465724e616d657400124c6a6176612f6c616e672f537472696e673b4c000d706172616d657465724e616d6571007e00014c0005746f6b656e71007e0001787074000c582d435352462d544f4b454e7400055f6373726674002461383662623764352d616130662d346235392d383339642d626434336333613236353433),
	('baf66696-a28e-4a57-a3cf-9f5b5fd7b2ec', 'SPRING_SECURITY_CONTEXT', _binary 0xaced00057372003d6f72672e737072696e676672616d65776f726b2e73656375726974792e636f72652e636f6e746578742e5365637572697479436f6e74657874496d706c000000000000026c0200014c000e61757468656e7469636174696f6e7400324c6f72672f737072696e676672616d65776f726b2f73656375726974792f636f72652f41757468656e7469636174696f6e3b78707372004f6f72672e737072696e676672616d65776f726b2e73656375726974792e61757468656e7469636174696f6e2e557365726e616d6550617373776f726441757468656e7469636174696f6e546f6b656e000000000000026c0200024c000b63726564656e7469616c737400124c6a6176612f6c616e672f4f626a6563743b4c00097072696e636970616c71007e0004787200476f72672e737072696e676672616d65776f726b2e73656375726974792e61757468656e7469636174696f6e2e416273747261637441757468656e7469636174696f6e546f6b656ed3aa287e6e47640e0200035a000d61757468656e746963617465644c000b617574686f7269746965737400164c6a6176612f7574696c2f436f6c6c656374696f6e3b4c000764657461696c7371007e0004787001737200266a6176612e7574696c2e436f6c6c656374696f6e7324556e6d6f6469666961626c654c697374fc0f2531b5ec8e100200014c00046c6973747400104c6a6176612f7574696c2f4c6973743b7872002c6a6176612e7574696c2e436f6c6c656374696f6e7324556e6d6f6469666961626c65436f6c6c656374696f6e19420080cb5ef71e0200014c00016371007e00067870737200136a6176612e7574696c2e41727261794c6973747881d21d99c7619d03000149000473697a65787000000001770400000001737200426f72672e737072696e676672616d65776f726b2e73656375726974792e636f72652e617574686f726974792e53696d706c654772616e746564417574686f72697479000000000000026c0200014c0004726f6c657400124c6a6176612f6c616e672f537472696e673b787074000a524f4c455f41444d494e7871007e000d737200486f72672e737072696e676672616d65776f726b2e73656375726974792e7765622e61757468656e7469636174696f6e2e57656241757468656e7469636174696f6e44657461696c73000000000000026c0200024c000d72656d6f74654164647265737371007e000f4c000973657373696f6e496471007e000f787074000f303a303a303a303a303a303a303a3174002435313363623164392d396461622d343836382d616138612d61663632346138363137323470737200326f72672e737072696e676672616d65776f726b2e73656375726974792e636f72652e7573657264657461696c732e55736572000000000000026c0200075a00116163636f756e744e6f6e457870697265645a00106163636f756e744e6f6e4c6f636b65645a001563726564656e7469616c734e6f6e457870697265645a0007656e61626c65644c000b617574686f72697469657374000f4c6a6176612f7574696c2f5365743b4c000870617373776f726471007e000f4c0008757365726e616d6571007e000f787001010101737200256a6176612e7574696c2e436f6c6c656374696f6e7324556e6d6f6469666961626c65536574801d92d18f9b80550200007871007e000a737200116a6176612e7574696c2e54726565536574dd98509395ed875b0300007870737200466f72672e737072696e676672616d65776f726b2e73656375726974792e636f72652e7573657264657461696c732e5573657224417574686f72697479436f6d70617261746f72000000000000026c020000787077040000000171007e0010787074001664616e6774686568616f323840676d61696c2e636f6d),
	('baf66696-a28e-4a57-a3cf-9f5b5fd7b2ec', 'sumInCart', _binary 0xaced0005737200116a6176612e6c616e672e496e746567657212e2a0a4f781873802000149000576616c7565787200106a6176612e6c616e672e4e756d62657286ac951d0b94e08b020000787000000001);

-- Dumping structure for table laptopshop.users
CREATE TABLE IF NOT EXISTS `users` (
  `id` bigint NOT NULL AUTO_INCREMENT,
  `address` varchar(255) COLLATE utf8mb4_general_ci DEFAULT NULL,
  `avatar` varchar(255) COLLATE utf8mb4_general_ci DEFAULT NULL,
  `email` varchar(255) COLLATE utf8mb4_general_ci NOT NULL,
  `full_name` varchar(255) COLLATE utf8mb4_general_ci NOT NULL,
  `password` varchar(255) COLLATE utf8mb4_general_ci NOT NULL,
  `phone` varchar(255) COLLATE utf8mb4_general_ci DEFAULT NULL,
  `role_id` bigint DEFAULT NULL,
  PRIMARY KEY (`id`),
  KEY `FKp56c1712k691lhsyewcssf40f` (`role_id`),
  CONSTRAINT `FKp56c1712k691lhsyewcssf40f` FOREIGN KEY (`role_id`) REFERENCES `roles` (`id`)
) ENGINE=InnoDB AUTO_INCREMENT=17 DEFAULT CHARSET=utf8mb4 COLLATE=utf8mb4_general_ci;

-- Dumping data for table laptopshop.users: ~8 rows (approximately)
INSERT INTO `users` (`id`, `address`, `avatar`, `email`, `full_name`, `password`, `phone`, `role_id`) VALUES
	(3, 'Ha Noi', '1729387939822-featur-2.jpg', 'phamqanh@gmail.com', 'Pham Quynh Anh', '$2a$10$Jgk4TPbxQ.p4DuyY6swo8eSAkRuu4rPNkYPg5t8ceQnDZCXfv2WtC', '0123456789', 1),
	(4, 'Ha Noi', '1728778549814-Screenshot 2024-07-13 213426.png', 'nguyenlien12@gmail.com', 'Nguyen Thi Lien Hoa', '$2a$10$nGJiFWUT7Ey39IgBqSWyiO6xyLNO1wBJlnsXOr2/0/bx8jPvyiuKy', '0123456712', 2),
	(5, 'Ha Noi', '1729390418250-vegetable-item-2.jpg', 'huong@gmail.com', 'Nguyen Linh Huong', '$2a$10$25Oik387JmuSIUPgzKm39eS1UTINF5R6JQCgCa4fUo3L1Ma55WljO', '0987654325', 2),
	(9, 'Ha Noi', '1729390272324-anhnen.jpg', 'dangthehao28@gmail.com', 'Dang The Hao', '$2a$10$FzscMdR0n2V5gPb5BciEmeuHw2.Sf1yOsm8UA0QsbFMgE8ftZhIx2', '0865957804', 1),
	(10, 'Ha Noi', '1729091268468-avatar.jpg', 'user@gmail.com', 'Vu Minh Anh', '$2a$10$oJJTvC2ogMG5x4KxmTyu3eCywTJzQNTB0xbw0A1ROJyztFldzF2aa', '0987654323', 2),
	(11, 'Ha Noi', '1729385284998-best-product-5.jpg', 'hyen@gmail.com', 'Vu Hoang Yen', '$2a$10$Y.kyI4E.ZcRjbr3Z6kvdHeo0QXJe3qB17jYSq3nJ7wEXUOKLxfoWO', '0123456788', 2),
	(12, 'Ha Noi', '', 'lvyen@gmai.com', 'Le Vu Yen', '$2a$10$P.wiAzrkFW4Me5Ha8IcofOky4SiMMrHLvCM3OCWMDKxSrzASwvrZa', '0987654321', 2),
	(16, 'Bac Tu Liem, Ha Noi', NULL, 'pquang@gmail.com', 'Pham Phong Quang', '$2a$10$3ULM3AJr9cIL58Z0.JAm9ODb7KcKb24ue6/dAP0JsDWf6a.ebuUd6', '0213456789', 2);

/*!40103 SET TIME_ZONE=IFNULL(@OLD_TIME_ZONE, 'system') */;
/*!40101 SET SQL_MODE=IFNULL(@OLD_SQL_MODE, '') */;
/*!40014 SET FOREIGN_KEY_CHECKS=IFNULL(@OLD_FOREIGN_KEY_CHECKS, 1) */;
/*!40101 SET CHARACTER_SET_CLIENT=@OLD_CHARACTER_SET_CLIENT */;
/*!40111 SET SQL_NOTES=IFNULL(@OLD_SQL_NOTES, 1) */;
